INSERT INTO fruit (id, name, type, preparation) VALUES ( 1,   'Abricot',   'fruit',   'Dénoyautez et coupez l''abricot en morceaux' );
INSERT INTO fruit (id, name, type, preparation) VALUES ( 2,   'Ananas',   'fruit',   'Epeluchez et coupez l''ananas en morceaux' );
INSERT INTO fruit (id, name, type, preparation) VALUES ( 3,   'Avocat',   'fruit',   'Epeluchez, dénoyautez et coupez les avocats en morceaux' );
INSERT INTO fruit (id, name, type, preparation) VALUES ( 4, 'Banane', 'fruit', 'Epelez et coupez le banane en morceaux' );
INSERT INTO fruit (id, name, type, preparation) VALUES ( 5,   'Betterave',   'legume',   'Epeluchez et coupez les bétteraves rouges en morceaux' );
INSERT INTO fruit (id, name, type, preparation) VALUES ( 6,   'Carotte',   'legume',   'Epeluchez et coupez la carotte en morceaux' );
INSERT INTO fruit (id, name, type, preparation) VALUES ( 7,   'Citron jaune',   'fruit',   'Epeluchez et coupez le citron en morceaux' );
INSERT INTO fruit (id, name, type, preparation) VALUES ( 8,   'Citron vert',   'fruit',   'Epeluchez et coupez le citron en morceaux' );
INSERT INTO fruit (id, name, type, preparation) VALUES ( 9,   'Concombre',   'legume',   'Epeluchez et coupez le concombre en morceaux' );
INSERT INTO fruit (id, name, type, preparation) VALUES ( 10, 'Coriandre', 'legume', 'Ajoutez 3 à 4 feuilles' );
INSERT INTO fruit (id, name, type, preparation) VALUES ( 11, 'Figue', 'fruit', 'coupez la figue en morceaux' );
INSERT INTO fruit (id, name, type, preparation) VALUES ( 12,   'Fruit de la passion',   'fruit',   'Coupez le fruit en deux puis récupérez sa pulpe à l''aide d''une cuillère' );
INSERT INTO fruit (id, name, type, preparation) VALUES ( 13,   'Canneberge',   'fruit',   '(optionnel) Coupez les canneberges en deux pour en enlever les pépins' );
INSERT INTO fruit (id, name, type, preparation) VALUES ( 14,   'Cassis',   'fruit',   '(optionnel) Coupez les cassis en deux pour en enlever les pépins' );
INSERT INTO fruit (id, name, type, preparation) VALUES ( 15,   'Cerise',   'fruit',   '(optionnel) Coupez les cassis en deux pour en enlever les pépins' );
INSERT INTO fruit (id, name, type, preparation) VALUES ( 16,   'Fraise',   'fruit',   '(optionnel) Coupez la partie haute de la fraise' );
INSERT INTO fruit (id, name, type, preparation) VALUES ( 17,   'Framboise',   'fruit',   '(optionnel) Coupez la partie haute de la framboise' );
INSERT INTO fruit (id, name, type, preparation) VALUES ( 18,   'Groseille',   'fruit',   '(optionnel) Coupez les groseilles en deux pour en enlever les pépins' );
INSERT INTO fruit (id, name, type, preparation) VALUES ( 19,   'Mûre',   'fruit',   '(optionnel) Mixez les mures et passez les au chinois pour retirer les pépins' );
INSERT INTO fruit (id, name, type, preparation) VALUES ( 20,   'myrtille',   'fruit',   '(optionnel) Mixez les myrtilles et passez les au chinois pour retirer les pépins' );
INSERT INTO fruit (id, name, type, preparation) VALUES ( 21,   'Gingembre',   'tubercule',   'Epelez le gingembre et coupez le gingembre en morceau' );
INSERT INTO fruit (id, name, type, preparation) VALUES ( 22,   'Grenade',   'fruit',   'Épluchez, coupez et mixez les grenades en utilisant un tamis (pour enlever les grains de grenade)' );
INSERT INTO fruit (id, name, type, preparation) VALUES ( 23, 'Kaki', 'fruit', 'Pelez et coupez les kakis en morceaux' );
INSERT INTO fruit (id, name, type, preparation) VALUES ( 24, 'Kiwi', 'fruit', 'Pelez et coupez les kiwis en morceaux' );
INSERT INTO fruit (id, name, type, preparation) VALUES ( 25, 'Litchi', 'fruit', 'Pelez et dénoyautez les litchis' );
INSERT INTO fruit (id, name, type, preparation) VALUES ( 26, 'Mangue', 'fruit', 'Pelez et coupez la mangue en morceaux' );
INSERT INTO fruit (id, name, type, preparation) VALUES ( 27, 'Melon', 'fruit', 'Pelez et coupez le melon en morceaux' );
INSERT INTO fruit (id, name, type, preparation) VALUES ( 28, 'Menthe', 'fruit', 'Ajoutez 3 à 4 feuilles de menthes' );
INSERT INTO fruit (id, name, type, preparation) VALUES ( 29,   'Mirabelle',   'fruit',   'Epeluchez et coupez la pomme en morceaux' );
INSERT INTO fruit (id, name, type, preparation) VALUES ( 30, 'Noix de coco', 'fruit', 'Ajoutez 15cl de lait de coco' );
INSERT INTO fruit (id, name, type, preparation) VALUES ( 31, 'Orange', 'fruit', 'Pelez et coupez l''orange en morceaux' );
INSERT INTO fruit (id, name, type, preparation) VALUES ( 32,   'Orange sanguine',   'fruit',   'Pelez et coupez l''orange en morceaux' );
INSERT INTO fruit (id, name, type, preparation) VALUES ( 33,   'Pamplemousse',   'fruit',   'Pelez et coupez la pamplemousse en morceaux' );
INSERT INTO fruit (id, name, type, preparation) VALUES ( 34,   'Papaye',   'fruit',   'Pelez, enlever les pépins et coupez la papaye en morceaux' );
INSERT INTO fruit (id, name, type, preparation) VALUES ( 35,   'Pastèque',   'fruit',   'Coupez la pastèque en deux, coupez y des petits morceaux en prenant soin d''enlever les pépins' );
INSERT INTO fruit (id, name, type, preparation) VALUES ( 36,   'Nectarine',   'fruit',   'Pelez et coupez la nectarine en morceaux' );
INSERT INTO fruit (id, name, type, preparation) VALUES ( 37,   'Pêche blanche',   'fruit',   'Pelez et coupez la pêche en morceaux' );
INSERT INTO fruit (id, name, type, preparation) VALUES ( 38,   'Pêche jaune',   'fruit',   'Pelez et coupez la pêche en morceaux' );
INSERT INTO fruit (id, name, type, preparation) VALUES ( 39, 'Poire', 'fruit', 'Pelez et coupez la poire en morceaux' );
INSERT INTO fruit (id, name, type, preparation) VALUES ( 40, 'Pomme', 'fruit', 'Pelez et coupez la pomme en morceaux' );
INSERT INTO fruit (id, name, type, preparation) VALUES ( 41,   'Raisin',   'fruit',   '(optionnel) Coupez les raisins en deux pour en enlever les pépins' );
INSERT INTO fruit (id, name, type, preparation) VALUES ( 42,   'Rhubarbe',   'legume',   'Pelez et coupez la rhubarbe en morceaux' );
INSERT INTO fruit (id, name, type, preparation) VALUES ( 43, 'Rose', 'fruit', 'Ajoutez 3 à 4 feuilles de rose' );
INSERT INTO fruit (id, name, type, preparation) VALUES ( 44, 'Tomate', 'fruit', 'Pelez et coupez la tomate en morceaux' );
INSERT INTO smoothie (id, name, jus, description) VALUES ( 1,   'Banane Mangue et jus d''Ananas',   'orange',   'Ce smoothie à la fois sucré et acide est parfait pour les amoureux de la mangue et des bananes' );
INSERT INTO smoothie (id, name, jus, description) VALUES ( 2,   'Smoothie Concombre et Kiwi',   'coco',   'Servez le smoothie bien frais donc laissez-le au frais le temps de le servir et ajoutez une rondelle de concombre sur le rebord du verre' );
INSERT INTO smoothie_fruit (id, id_smoothie, id_fruit) VALUES ( 1, 1, 2 );
INSERT INTO smoothie_fruit (id, id_smoothie, id_fruit) VALUES ( 2, 1, 26 );
INSERT INTO smoothie_fruit (id, id_smoothie, id_fruit) VALUES ( 3, 2, 9 );
INSERT INTO smoothie_fruit (id, id_smoothie, id_fruit) VALUES ( 4, 2, 24 );
INSERT INTO smoothie_fruit (id, id_smoothie, id_fruit) VALUES ( 5, 2, 40 );
INSERT INTO fruit_gout (id, id_fruit, gout) VALUES ( 1, 1, 'sucre' );
INSERT INTO fruit_gout (id, id_fruit, gout) VALUES ( 2, 2, 'sucre' );
INSERT INTO fruit_gout (id, id_fruit, gout) VALUES ( 3, 2, 'acide' );
INSERT INTO fruit_gout (id, id_fruit, gout) VALUES ( 4, 3, 'sale' );
INSERT INTO fruit_gout (id, id_fruit, gout) VALUES ( 5, 3, 'amer' );
INSERT INTO fruit_gout (id, id_fruit, gout) VALUES ( 6, 4, 'sucre' );
INSERT INTO fruit_gout (id, id_fruit, gout) VALUES ( 7, 5, 'sale' );
INSERT INTO fruit_gout (id, id_fruit, gout) VALUES ( 8, 6, 'sale' );
INSERT INTO fruit_gout (id, id_fruit, gout) VALUES ( 9, 7, 'sucre' );
INSERT INTO fruit_gout (id, id_fruit, gout) VALUES ( 10, 7, 'acide' );
INSERT INTO fruit_gout (id, id_fruit, gout) VALUES ( 11, 8, 'sucre' );
INSERT INTO fruit_gout (id, id_fruit, gout) VALUES ( 12, 8, 'acide' );
INSERT INTO fruit_gout (id, id_fruit, gout) VALUES ( 13, 9, 'amer' );
INSERT INTO fruit_gout (id, id_fruit, gout) VALUES ( 14, 10, 'sale' );
INSERT INTO fruit_gout (id, id_fruit, gout) VALUES ( 15, 11, 'sucre' );
INSERT INTO fruit_gout (id, id_fruit, gout) VALUES ( 16, 12, 'sucre' );
INSERT INTO fruit_gout (id, id_fruit, gout) VALUES ( 17, 13, 'sucre' );
INSERT INTO fruit_gout (id, id_fruit, gout) VALUES ( 18, 14, 'sucre' );
INSERT INTO fruit_gout (id, id_fruit, gout) VALUES ( 19, 15, 'sucre' );
INSERT INTO fruit_gout (id, id_fruit, gout) VALUES ( 20, 16, 'sucre' );
INSERT INTO fruit_gout (id, id_fruit, gout) VALUES ( 21, 17, 'sucre' );
INSERT INTO fruit_gout (id, id_fruit, gout) VALUES ( 22, 18, 'sucre' );
INSERT INTO fruit_gout (id, id_fruit, gout) VALUES ( 23, 19, 'sucre' );
INSERT INTO fruit_gout (id, id_fruit, gout) VALUES ( 24, 20, 'sucre' );
INSERT INTO fruit_gout (id, id_fruit, gout) VALUES ( 25, 21, 'sucre' );
INSERT INTO fruit_gout (id, id_fruit, gout) VALUES ( 26, 21, 'acide' );
INSERT INTO fruit_gout (id, id_fruit, gout) VALUES ( 27, 22, 'sucre' );
INSERT INTO fruit_gout (id, id_fruit, gout) VALUES ( 28, 22, 'sucre' );
INSERT INTO fruit_gout (id, id_fruit, gout) VALUES ( 29, 23, 'sucre' );
INSERT INTO fruit_gout (id, id_fruit, gout) VALUES ( 30, 24, 'sucre' );
INSERT INTO fruit_gout (id, id_fruit, gout) VALUES ( 31, 24, 'acide' );
INSERT INTO fruit_gout (id, id_fruit, gout) VALUES ( 32, 25, 'sucre' );
INSERT INTO fruit_gout (id, id_fruit, gout) VALUES ( 33, 26, 'sucre' );
INSERT INTO fruit_gout (id, id_fruit, gout) VALUES ( 34, 27, 'sucre' );
INSERT INTO fruit_gout (id, id_fruit, gout) VALUES ( 35, 28, 'sucre' );
INSERT INTO fruit_gout (id, id_fruit, gout) VALUES ( 36, 29, 'sucre' );
INSERT INTO fruit_gout (id, id_fruit, gout) VALUES ( 37, 30, 'sucre' );
INSERT INTO fruit_gout (id, id_fruit, gout) VALUES ( 38, 31, 'sucre' );
INSERT INTO fruit_gout (id, id_fruit, gout) VALUES ( 39, 31, 'acide' );
INSERT INTO fruit_gout (id, id_fruit, gout) VALUES ( 41, 32, 'sucre' );
INSERT INTO fruit_gout (id, id_fruit, gout) VALUES ( 42, 32, 'acide' );
INSERT INTO fruit_gout (id, id_fruit, gout) VALUES ( 43, 33, 'sucre' );
INSERT INTO fruit_gout (id, id_fruit, gout) VALUES ( 44, 33, 'acide' );
INSERT INTO fruit_gout (id, id_fruit, gout) VALUES ( 45, 34, 'sucre' );
INSERT INTO fruit_gout (id, id_fruit, gout) VALUES ( 46, 35, 'sucre' );
INSERT INTO fruit_gout (id, id_fruit, gout) VALUES ( 47, 36, 'sucre' );
INSERT INTO fruit_gout (id, id_fruit, gout) VALUES ( 48, 37, 'sucre' );
INSERT INTO fruit_gout (id, id_fruit, gout) VALUES ( 59, 38, 'sucre' );
INSERT INTO fruit_gout (id, id_fruit, gout) VALUES ( 50, 39, 'sucre' );
INSERT INTO fruit_gout (id, id_fruit, gout) VALUES ( 51, 40, 'sucre' );
INSERT INTO fruit_gout (id, id_fruit, gout) VALUES ( 52, 41, 'sucre' );
INSERT INTO fruit_gout (id, id_fruit, gout) VALUES ( 53, 42, 'sucre' );
INSERT INTO fruit_gout (id, id_fruit, gout) VALUES ( 54, 43, 'sucre' );
INSERT INTO fruit_gout (id, id_fruit, gout) VALUES ( 55, 44, 'sucre' );
INSERT INTO fruit_gout (id, id_fruit, gout) VALUES ( 56, 44, 'acide' );
INSERT INTO fruit_gout (id, id_fruit, gout) VALUES ( 57, 44, 'amer' );